live_rent,live_dorm,live_home,own_1280,own_car,own_motor,own_bike,own_license,own_plan_bike,own_plan_motor,rent_month,rent_satisfy,rent_experience,if_lottery,dorm_if_out,home_if_rent,consider_time,consider_cost,consider_rely,consider_flex,consider_conv,consider_safe,consider_cozy,consider_envi,consider_heal,prefer_time,prefer_dist,prefer_cost,gender,grade,income,familyeco,job,single,pets
0,1,0,0,0,0,1,1,-1,-2,0,0,1,0,1,0,0,0,1,0,0,0,0,0,0,1,1,0,1,5,18.75,3,0,1,0
1,0,0,1,0,1,0,1,-2,0,8,1,1,1,0,0,1,0,0,1,1,0,0,0,0,-1,1,1,1,5,23.75,5,0,0,1
0,1,0,0,0,0,1,1,2,-1,0,1,0,0,0,0,0,0,0,1,1,0,0,0,1,0,0,0,1,5,3.75,4,0,1,0
0,0,1,1,0,0,1,1,2,0,0,1,1,0,0,1,1,1,0,1,0,0,0,0,0,2,2,2,1,5,3.75,4,0,0,0
1,0,0,0,0,1,0,1,2,2,12,1,1,0,0,0,1,0,1,0,0,0,1,0,0,1,1,1,1,5,11.25,4,0,1,0
0,1,0,0,0,0,0,0,0,0,0,1,0,0,0,0,1,1,1,0,0,0,0,0,0,1,1,2,0,5,8.75,3,0,0,0
0,1,0,0,0,0,0,1,1,-2,0,1,0,0,0,0,1,1,1,0,0,0,0,0,0,2,2,2,1,5,16.25,3,0,1,0
0,1,0,0,0,0,1,1,1,0,0,1,0,0,0,0,1,1,0,1,0,0,0,0,0,2,1,2,1,2,11.25,3,0,1,0
0,0,1,0,0,0,0,1,-1,-1,0,1,0,0,0,1,1,1,0,0,0,1,0,0,0,1,1,1,0,2,6.25,4,1,0,0
1,0,0,0,0,1,0,1,-1,2,12,1,1,0,0,0,1,0,1,0,1,0,0,0,0,2,1,0,0,6,21.25,4,1,1,0
1,0,0,1,0,1,1,1,1,2,10,1,0,0,0,0,1,1,0,0,1,0,0,0,0,2,2,0,1,5,6.25,3,0,0,0
0,1,0,0,0,0,1,0,2,1,0,0,0,0,0,0,1,1,1,0,0,0,0,0,0,1,1,1,0,4,6.25,3,0,1,0
0,0,1,0,0,0,0,0,1,0,0,1,0,0,0,0,1,1,1,0,0,0,0,0,0,2,2,2,1,1,11.25,4,1,0,0
0,0,1,0,0,1,0,1,1,1,0,0,0,0,0,1,1,0,0,1,1,0,0,0,0,1,1,0,1,2,8.75,3,1,1,1
0,1,0,0,0,0,1,1,2,-1,0,1,0,0,0,0,1,1,0,0,1,0,0,0,0,1,1,2,0,2,8.75,3,1,1,0
0,0,1,0,0,0,1,0,2,-2,0,1,0,0,0,0,1,0,1,0,1,0,0,0,0,2,1,1,0,3,11.25,4,0,1,0
0,1,0,0,0,0,1,1,2,2,0,1,0,0,0,0,1,1,1,0,0,0,0,0,0,1,1,2,1,1,6.25,2,1,0,1
1,0,0,0,0,0,0,0,-1,2,6,0,1,2,0,0,0,1,0,0,1,0,1,0,0,1,1,0,0,4,11.25,4,1,1,0
0,1,0,0,0,0,1,1,1,1,0,1,0,0,0,0,1,0,1,0,1,0,0,0,0,1,1,1,0,4,11.25,4,0,0,0
0,1,0,0,0,0,1,0,2,-1,0,0,0,0,0,0,1,0,0,1,1,0,0,0,0,2,2,0,0,4,11.25,4,0,0,0
0,0,1,0,0,0,0,0,0,-1,0,1,0,0,0,1,1,1,0,0,1,0,0,0,0,1,0,1,0,4,3.75,3,0,1,0
0,1,0,0,0,0,1,1,2,-1,0,1,0,0,0,0,1,1,1,0,0,0,0,0,0,1,1,1,0,2,11.25,3,1,0,0
0,0,1,0,0,0,1,1,2,-2,0,1,0,0,0,1,1,1,1,0,0,0,0,0,0,2,1,0,1,4,11.25,4,0,1,0
1,0,0,0,1,1,1,1,1,2,8,0,1,1,0,0,1,0,0,1,1,0,0,0,0,0,0,0,1,9,31.25,3,0,1,0
0,0,1,0,0,0,1,1,2,-2,0,1,0,1,0,0,1,0,0,1,0,1,0,0,0,2,0,0,1,5,6.25,4,1,0,0
0,1,0,0,0,0,1,1,0,-1,0,1,1,0,0,0,1,1,1,0,0,0,0,0,0,1,0,0,0,6,8.75,4,0,0,0
0,1,0,0,0,0,1,0,0,2,0,1,1,0,0,0,1,1,0,0,1,0,0,0,0,1,1,2,0,3,8.75,3,1,1,0
0,1,0,0,0,0,1,1,1,0,0,1,0,0,1,0,1,1,0,0,0,1,0,0,0,2,2,1,0,2,8.75,4,1,1,0
0,1,0,0,0,0,1,0,2,-1,0,1,0,0,0,0,1,1,1,0,0,0,0,0,0,1,1,1,0,1,8.75,3,0,1,0
1,0,0,0,0,1,0,1,-2,1,8,0,1,0,0,0,0,0,1,1,1,0,0,0,0,1,1,2,0,5,11.25,3,1,0,0
0,1,0,0,0,0,1,1,2,-1,0,0,0,0,1,0,0,1,0,1,1,0,0,0,0,1,1,1,1,1,3.75,3,0,1,0
0,1,0,0,0,0,1,1,0,1,0,1,0,0,0,0,1,1,0,1,0,0,0,0,0,1,1,1,0,3,11.25,3,1,1,0
0,1,0,0,0,0,1,1,1,1,0,1,0,0,0,0,1,1,1,0,0,0,0,0,0,1,1,1,1,5,11.25,3,1,0,0
0,1,0,0,0,1,1,1,1,2,0,1,1,0,0,0,1,0,1,1,0,0,0,0,0,1,1,0,0,5,8.75,3,0,0,0
0,1,0,0,0,0,1,1,2,0,0,1,0,0,0,0,1,0,1,1,0,0,0,0,0,2,1,1,0,2,6.25,3,1,1,0
0,0,1,0,0,0,1,1,2,-1,0,1,0,0,0,0,0,1,0,0,1,0,0,0,1,1,1,1,0,2,21.25,3,1,0,0
0,1,0,0,0,0,1,0,2,-1,0,1,0,0,0,0,1,1,0,0,1,0,0,0,0,2,0,1,0,1,8.75,3,0,1,0
0,0,1,0,0,0,1,1,2,-2,0,1,0,0,0,0,1,0,1,0,1,0,0,0,0,2,2,2,0,4,6.25,3,0,0,0
0,0,1,0,0,0,1,1,2,-2,0,1,0,0,0,0,1,0,1,0,1,0,0,0,0,2,-1,0,0,2,6.25,4,0,0,1
0,1,0,0,0,1,0,1,-1,2,0,1,1,0,1,0,1,1,1,0,0,0,0,0,0,1,1,0,0,5,8.75,4,0,0,0
0,1,0,0,0,0,1,1,1,1,0,1,0,0,0,0,1,1,0,1,0,0,0,0,0,1,1,1,0,1,8.75,4,1,1,0
0,0,1,0,0,0,0,1,2,-1,0,0,0,0,0,1,0,1,0,1,0,1,0,0,0,1,2,1,1,5,6.25,2,0,1,1
1,0,0,0,0,0,0,0,-1,0,8,0,0,2,0,0,0,1,1,0,1,0,0,0,0,1,2,2,0,2,6.25,3,0,1,0
1,0,0,0,0,0,1,1,2,1,12,1,0,1,0,0,0,1,0,1,1,0,0,0,0,1,1,0,0,4,8.75,3,1,0,1
0,0,1,0,0,1,0,1,-2,0,0,1,1,0,0,0,1,1,1,0,0,0,0,0,0,2,1,1,0,5,11.25,4,1,1,0
0,0,1,0,0,1,0,1,-1,1,0,0,0,0,0,1,0,1,0,1,1,0,0,0,0,0,0,1,1,6,11.25,4,1,0,0
1,0,0,1,0,1,1,1,0,0,4,1,1,2,0,0,1,1,0,1,0,0,0,0,0,0,0,1,1,6,18.75,3,1,0,1
0,0,1,0,1,0,0,1,2,0,0,1,1,0,0,0,0,0,1,1,1,0,0,0,0,2,2,0,1,6,28.75,4,1,1,0
0,0,1,0,0,0,0,1,1,-1,0,0,0,1,0,0,1,1,0,0,1,0,0,0,0,2,1,1,0,5,11.25,4,0,1,0
0,0,1,0,0,1,0,1,-1,2,0,0,1,0,0,1,1,1,0,0,1,0,0,0,0,2,2,1,0,6,16.25,3,1,0,0
0,1,0,0,0,0,1,1,2,1,0,1,0,0,0,0,0,0,1,0,0,1,0,1,0,2,0,0,1,5,11.25,4,1,0,0
0,0,1,0,1,0,1,1,1,-2,0,1,0,1,0,1,1,0,1,0,1,0,0,0,0,1,0,1,1,6,8.75,3,0,1,0
0,1,0,0,0,0,1,1,1,0,0,1,0,0,1,0,1,1,0,0,1,0,0,0,0,1,1,1,1,5,11.25,4,0,1,0
0,1,0,0,0,0,1,1,2,-1,0,0,0,0,1,0,1,0,0,1,1,0,0,0,0,1,1,0,1,5,21.25,4,1,0,0
0,0,1,0,0,1,1,1,2,2,0,1,0,0,0,1,1,0,0,1,1,0,0,0,0,2,0,0,1,7,8.75,3,1,0,0
0,0,1,0,0,0,1,1,2,-2,0,1,0,0,0,0,1,1,1,0,0,0,0,0,0,2,0,1,0,4,6.25,3,0,1,0
1,0,0,0,0,1,0,1,-1,1,6,1,1,1,0,0,1,1,0,0,0,0,0,1,0,1,1,1,1,6,11.25,4,0,0,0
0,0,1,0,0,0,0,1,1,1,0,0,0,0,0,1,0,0,1,0,1,0,0,1,0,0,0,0,1,5,8.75,3,1,0,0
0,0,1,0,0,1,1,1,1,2,0,0,1,2,0,1,1,1,0,1,0,0,0,0,0,2,1,0,0,5,11.25,4,0,1,1
1,0,0,0,0,1,1,1,-1,2,8,0,1,1,0,0,1,1,0,1,0,0,0,0,0,1,0,1,1,9,31.25,3,1,0,0
1,0,0,0,1,1,1,1,1,1,6,0,1,2,0,0,1,0,0,1,1,0,0,0,0,2,1,1,1,5,13.75,4,0,1,0
0,1,0,0,0,0,1,1,0,-2,0,0,0,0,1,0,1,1,0,0,1,0,0,0,0,0,1,1,0,4,13.75,4,1,0,0
1,0,0,0,0,0,0,1,-2,-1,8,0,0,2,0,0,1,0,1,0,1,0,0,0,0,2,0,1,0,6,16.25,4,0,1,0
1,0,0,0,0,1,0,1,-1,0,8,1,1,0,0,0,1,1,0,0,1,0,0,0,0,2,1,1,1,5,21.25,3,0,0,0
0,1,0,0,0,0,1,1,2,2,0,0,0,0,1,0,1,1,0,1,0,0,0,0,0,2,2,1,0,4,13.75,4,1,1,0
0,1,0,0,0,0,1,1,2,0,0,1,0,0,0,0,1,1,0,0,1,0,0,0,0,2,2,1,1,3,11.25,4,0,1,1
0,1,0,0,0,0,1,1,2,-1,0,1,0,0,1,0,1,0,0,1,1,0,0,0,0,1,1,0,1,5,18.75,4,0,1,0
0,1,0,0,0,0,1,1,1,1,0,0,1,0,0,0,1,0,1,1,0,0,0,0,0,1,0,1,0,5,8.75,4,0,0,0
1,0,0,0,0,1,0,1,0,1,8,1,1,0,0,0,0,1,0,1,1,0,0,0,0,1,1,1,0,5,6.25,3,0,1,0
0,1,0,0,0,0,1,1,2,0,0,1,1,0,0,0,1,0,0,0,1,0,1,0,0,2,2,0,0,5,11.25,3,0,0,0
1,0,0,0,0,1,1,1,2,2,12,1,1,0,0,0,1,0,1,0,1,0,0,0,0,0,0,-1,1,5,11.25,4,1,0,0
1,0,0,0,0,1,0,1,2,2,6,1,1,2,0,0,1,1,0,1,0,0,0,0,0,2,2,2,1,5,8.75,3,0,0,0
1,0,0,0,0,1,1,1,0,1,10,1,1,2,0,0,1,0,1,0,1,0,0,0,0,1,0,0,1,6,13.75,3,0,1,0
0,1,0,0,0,0,1,0,2,-1,0,1,0,0,0,0,1,1,1,0,0,0,0,0,0,0,0,1,1,3,13.75,4,0,0,0
1,0,0,0,0,1,1,1,0,2,6,0,1,0,0,0,1,0,1,0,1,0,0,0,0,2,1,0,1,5,8.75,3,0,0,0
0,1,0,0,0,0,1,1,1,0,0,0,0,0,0,0,1,1,0,0,1,0,0,0,0,2,1,1,0,2,11.25,4,1,0,0
0,1,0,0,0,0,0,0,0,0,0,0,0,0,0,0,1,1,0,0,1,0,0,0,0,1,1,1,0,2,6.25,3,1,1,0
0,0,1,0,0,0,0,0,0,1,0,1,0,0,0,0,1,1,0,0,1,0,0,0,0,0,0,1,1,1,8.75,4,0,1,0
0,0,1,0,0,0,1,0,2,-1,0,1,1,0,0,1,0,0,1,1,1,0,0,0,0,2,1,1,0,3,3.75,3,1,1,0
0,1,0,0,0,1,1,1,1,1,0,1,0,0,1,0,1,1,0,0,1,0,0,0,0,1,1,1,1,2,13.75,4,1,0,0
0,1,0,0,0,0,0,1,0,1,0,1,1,0,1,0,0,0,1,0,1,1,0,0,0,1,0,1,0,6,11.25,3,0,1,0
0,0,1,0,0,0,1,1,2,0,0,1,0,0,0,1,1,1,1,0,0,0,0,0,0,2,1,2,0,3,3.75,4,0,0,1
0,1,0,0,0,0,0,1,0,1,0,0,1,0,1,0,0,1,0,1,1,0,0,0,0,0,1,0,1,5,11.25,4,0,0,0
0,0,1,0,0,0,1,1,1,1,0,1,0,0,0,0,1,1,0,1,0,0,0,0,0,1,0,1,1,9,13.75,3,0,1,0
0,1,0,0,0,1,1,1,2,2,0,0,1,0,1,0,1,1,0,0,1,0,0,0,0,0,0,-1,1,5,18.75,3,1,0,0
0,1,0,0,0,0,1,0,2,1,0,0,0,0,1,0,0,1,0,0,1,1,0,0,0,1,0,1,1,3,6.25,2,1,0,0
0,0,1,0,0,0,0,0,2,2,0,0,0,0,0,0,1,0,1,0,1,0,0,0,0,2,2,0,0,2,6.25,3,0,1,0
0,0,1,0,0,1,1,1,1,1,0,1,1,0,0,1,1,1,0,0,1,0,0,0,0,2,0,1,1,5,6.25,3,0,1,0
0,0,1,0,0,1,0,1,-1,1,0,1,0,2,0,0,1,1,0,0,1,0,0,0,0,1,0,0,1,6,16.25,4,0,1,0
0,0,1,0,0,1,0,1,-2,2,0,0,1,2,0,1,1,0,0,1,1,0,0,0,0,1,0,0,1,6,13.75,3,1,0,0
1,0,0,0,0,1,0,1,-1,1,8,0,1,2,0,0,1,1,0,0,1,0,0,0,0,1,1,0,1,5,8.75,3,0,0,0
0,1,0,0,0,0,1,1,2,0,0,0,0,0,1,0,1,1,1,0,0,0,0,0,0,1,1,1,0,3,8.75,4,0,1,1
0,1,0,0,0,0,1,1,1,0,0,1,0,0,0,0,1,1,0,1,0,0,0,0,0,2,1,1,0,5,3.75,3,1,1,0
0,1,0,0,0,0,1,1,2,-2,0,0,0,0,1,0,1,1,0,0,1,0,0,0,0,2,0,1,0,3,8.75,3,1,0,0
0,0,1,0,0,0,0,0,2,1,0,1,0,0,0,1,1,1,0,0,1,0,0,0,0,1,1,2,0,2,13.75,4,1,0,0
0,0,1,1,0,0,1,1,1,-2,0,1,0,0,0,0,1,1,1,0,0,0,0,0,0,1,1,0,1,2,6.25,3,1,1,0
0,0,1,1,0,0,0,1,-1,-2,0,1,0,0,0,0,1,1,1,0,0,0,0,0,0,2,1,0,1,2,3.75,3,1,1,0
0,0,1,1,0,0,0,0,0,0,0,1,0,0,0,1,1,1,1,0,0,0,0,0,0,2,1,2,0,3,6.25,3,0,0,0
0,1,0,0,0,0,1,1,2,1,0,0,1,0,0,0,0,1,1,0,0,1,0,0,0,0,0,1,1,5,8.75,3,0,1,0
0,0,1,0,1,1,0,1,-2,1,0,1,1,0,0,1,1,0,0,1,1,0,0,0,0,1,1,0,1,5,18.75,4,0,0,1
1,0,0,0,0,0,1,1,2,-1,8,0,0,0,0,0,1,0,1,1,0,0,0,0,0,1,1,-1,1,5,8.75,4,0,1,0
1,0,0,0,0,1,0,1,0,2,8,1,0,1,0,0,0,1,0,1,1,0,0,0,0,1,2,2,1,2,6.25,4,1,0,0
1,0,0,0,0,0,0,0,-1,-2,16,1,1,0,0,0,1,0,0,1,1,0,0,0,0,1,1,0,1,3,31.25,3,0,0,0
0,1,0,0,0,0,0,1,-1,-1,0,1,0,0,0,0,1,0,1,0,1,0,0,0,0,1,1,0,0,2,13.75,3,1,0,0
0,0,1,0,1,0,1,1,0,0,0,1,0,0,0,0,1,0,0,1,1,0,0,0,0,2,1,0,1,5,13.75,4,0,1,0
0,1,0,0,0,1,1,1,1,1,0,1,1,0,0,0,1,1,1,0,0,0,0,0,0,2,2,2,1,5,13.75,3,0,1,0
0,0,1,0,1,1,1,1,2,2,0,1,1,0,0,0,1,0,0,1,1,0,0,0,0,2,1,1,1,9,18.75,4,0,1,0
0,0,1,1,0,0,1,0,2,0,0,1,0,0,0,1,1,0,1,0,1,0,0,0,0,2,1,1,1,4,6.25,3,0,0,0
0,0,1,0,0,0,0,0,-1,-2,0,1,0,0,0,0,1,1,1,0,0,0,0,0,0,1,-1,1,0,1,6.25,4,0,1,0
1,0,0,0,0,0,1,1,0,0,8,0,1,1,0,0,1,0,1,0,1,0,0,0,0,-1,0,0,1,5,31.25,4,1,0,0
0,1,0,0,0,0,1,1,2,1,0,1,0,0,1,0,1,1,0,1,0,0,0,0,0,2,1,0,1,7,13.75,4,1,1,1
1,0,0,0,0,1,0,1,0,1,12,1,0,1,0,0,1,0,1,1,0,0,0,0,0,1,0,1,1,5,11.25,4,1,0,0
0,1,0,0,0,0,1,0,2,-1,0,1,0,0,0,0,1,1,0,1,0,0,0,0,0,1,1,0,0,1,11.25,2,1,1,0
0,1,0,0,0,1,1,1,2,2,0,1,0,0,0,0,1,1,0,0,1,0,0,0,0,1,1,1,1,9,23.75,3,1,1,0
0,1,0,0,0,0,1,0,2,0,0,1,0,0,0,0,1,1,1,0,0,0,0,0,0,2,0,1,0,3,11.25,4,1,0,0
0,1,0,0,0,0,0,0,2,0,0,1,0,0,0,0,1,1,0,0,0,1,0,0,0,1,0,1,0,3,8.75,3,1,0,1
0,1,0,0,0,0,1,1,1,0,0,0,0,0,1,0,1,0,1,0,1,0,0,0,0,2,0,1,0,5,6.25,3,1,0,0
0,1,0,0,0,0,1,1,2,1,0,1,0,0,1,0,1,1,0,0,0,0,1,0,0,2,1,0,0,1,8.75,3,0,1,0
1,0,0,0,0,1,1,1,2,2,6,0,1,2,0,0,1,1,0,0,1,0,0,0,0,1,0,1,1,5,13.75,4,0,0,0
0,0,1,1,0,0,0,0,-1,-1,0,0,0,0,0,1,0,0,0,1,1,0,1,0,0,0,0,0,1,2,6.25,3,0,1,0
0,0,1,1,0,0,1,0,2,-2,0,1,0,0,0,0,1,1,0,0,1,0,0,0,0,1,1,2,0,1,16.25,3,1,1,0
1,0,0,0,0,1,1,1,1,2,8,0,1,2,0,0,1,1,0,0,1,0,0,0,0,1,1,0,1,5,18.75,3,1,1,1
0,1,0,0,0,0,1,0,2,2,0,1,0,0,0,0,0,1,1,0,1,0,0,0,0,1,0,2,1,3,8.75,3,1,1,0
1,0,0,0,0,0,1,1,1,2,6,0,0,2,0,0,1,1,0,0,1,0,0,0,0,2,1,1,1,5,11.25,4,1,0,0
0,0,1,0,0,0,1,1,2,-1,0,1,0,0,0,0,0,0,1,0,1,1,0,0,0,1,1,1,0,3,6.25,3,1,1,0
0,0,1,0,0,0,1,0,2,0,0,0,0,0,0,0,1,1,0,0,1,0,0,0,0,1,1,1,0,3,3.75,4,1,1,0
0,1,0,0,1,1,1,1,1,2,0,0,1,0,1,0,1,0,1,1,0,0,0,0,0,1,0,0,1,6,8.75,3,1,1,0
1,0,0,0,0,1,0,1,1,1,10,1,0,1,0,0,1,0,1,1,0,0,0,0,0,1,-1,0,1,6,13.75,4,1,0,0
0,1,0,0,0,0,0,0,0,1,0,1,0,0,0,0,1,1,0,0,1,0,0,0,0,1,0,1,0,1,11.25,3,1,1,0
1,0,0,0,0,1,0,1,0,2,14,1,1,0,0,0,1,1,0,0,1,0,0,0,0,2,2,0,1,5,13.75,4,0,1,0
0,0,1,0,0,0,1,1,2,-2,0,1,0,0,0,0,1,1,0,0,1,0,0,0,0,2,1,0,1,4,8.75,4,1,1,0
0,0,1,0,0,0,1,1,1,1,0,1,1,0,0,1,1,1,0,0,1,0,0,0,0,1,0,0,0,6,11.25,4,0,0,0
0,1,0,0,0,0,1,0,2,2,0,0,0,0,1,0,1,0,0,0,0,0,1,1,0,1,2,1,0,1,13.75,3,0,0,0
0,1,0,0,0,0,0,1,1,-1,0,1,1,0,0,0,1,1,0,1,0,0,0,0,0,2,0,1,1,6,6.25,4,0,0,0
1,0,0,0,0,0,1,0,2,1,8,0,1,2,0,0,1,1,1,0,0,0,0,0,0,2,2,1,1,3,18.75,3,0,1,0
0,0,1,0,0,1,1,1,0,2,0,0,0,0,0,1,0,0,1,1,1,0,0,0,0,1,0,0,1,3,16.25,3,1,0,0
0,1,0,0,0,0,1,1,2,-1,0,1,1,0,1,0,1,0,1,0,1,0,0,0,0,2,1,1,0,2,8.75,4,1,0,0
0,1,0,0,0,0,1,1,2,2,0,1,0,0,0,0,0,1,0,1,1,0,0,0,0,1,1,0,0,2,11.25,3,0,0,0
1,0,0,0,0,0,1,1,0,-1,10,1,0,1,0,0,1,0,1,0,1,0,0,0,0,1,1,0,1,6,11.25,3,1,0,0
0,0,1,0,0,0,1,1,2,-2,0,1,0,0,0,0,1,0,1,1,0,0,0,0,0,1,1,0,0,5,11.25,4,0,0,0
1,0,0,0,0,1,0,1,0,0,8,0,1,2,0,0,1,0,1,1,0,0,0,0,0,2,2,0,1,5,11.25,4,0,0,0
0,0,1,0,0,0,1,1,1,-1,0,0,0,0,0,1,1,1,0,1,0,0,0,0,0,1,1,1,0,5,3.75,3,1,1,0
0,0,1,1,0,0,0,1,1,-1,0,1,1,2,0,1,0,0,0,1,1,0,1,0,0,1,1,1,1,1,13.75,3,0,1,0
0,1,0,0,0,0,1,1,2,-2,0,1,1,0,1,0,1,1,0,0,1,0,0,0,0,0,-1,1,1,5,8.75,2,0,1,0
0,0,1,0,0,0,0,1,-1,0,0,1,0,1,0,0,0,1,1,0,1,0,0,0,0,0,0,0,0,5,6.25,3,0,0,0
0,0,1,0,0,0,1,0,1,0,0,0,0,2,0,1,1,0,0,1,0,0,1,0,0,2,1,1,0,6,11.25,3,0,0,0
1,0,0,0,0,1,0,1,-2,1,10,1,0,0,0,0,1,0,1,1,0,0,0,0,0,0,0,-1,0,6,21.25,3,1,1,0
1,0,0,1,0,0,0,1,-1,2,6,0,0,0,0,0,0,1,1,1,0,0,0,0,0,1,1,0,0,4,21.25,3,1,0,0
0,1,0,0,0,0,1,1,1,1,0,1,0,0,0,0,1,1,0,0,1,0,0,0,0,2,1,0,1,2,8.75,3,0,0,0
0,0,1,1,0,0,0,1,1,1,0,0,0,0,0,0,1,1,1,0,0,0,0,0,0,2,1,1,1,4,6.25,4,1,1,0
0,1,0,0,0,0,0,0,-1,-1,0,1,1,0,0,0,1,0,1,0,1,0,0,0,0,1,1,-1,0,3,31.25,3,0,1,1
1,0,0,0,0,1,1,1,-1,1,8,1,0,0,0,0,0,1,1,0,1,0,0,0,0,1,1,1,1,6,11.25,3,1,0,0
1,0,0,0,0,0,0,1,0,0,10,0,0,2,0,0,1,0,0,1,0,0,1,0,0,1,0,0,1,5,8.75,3,0,0,0
1,0,0,0,0,0,0,1,-2,-1,6,0,1,2,0,0,0,1,1,0,1,0,0,0,0,1,1,0,0,7,31.25,3,1,1,0
0,0,1,0,0,0,1,1,1,1,0,0,0,2,0,1,1,1,0,1,0,0,0,0,0,1,1,1,0,5,11.25,4,1,1,0
0,0,1,0,0,0,1,1,2,0,0,0,0,2,0,1,1,0,1,0,1,0,0,0,0,2,2,1,0,3,8.75,4,1,1,1
0,1,0,0,1,0,1,1,1,1,0,1,0,0,1,0,1,1,0,0,1,0,0,0,0,1,1,0,0,3,11.25,3,1,0,1
0,1,0,0,0,0,1,1,2,2,0,1,0,0,0,0,1,1,0,1,0,0,0,0,0,2,1,1,0,3,13.75,3,1,1,0
1,0,0,0,1,1,0,1,1,2,12,1,1,0,0,0,1,1,0,1,0,0,0,0,0,2,2,1,1,6,18.75,3,1,1,0
1,0,0,0,0,1,0,1,0,1,8,0,1,2,0,0,1,1,0,1,0,0,0,0,0,1,0,2,1,6,8.75,3,0,1,0
0,1,0,0,0,0,1,1,0,0,0,0,0,0,0,0,1,1,0,0,1,0,0,0,0,0,0,1,0,5,6.25,3,0,1,0
0,0,1,0,0,1,1,1,-1,2,0,0,0,0,0,1,1,0,1,1,0,0,0,0,0,1,1,0,1,3,11.25,3,1,0,0
0,0,1,0,1,0,0,1,0,0,0,1,0,0,0,1,1,1,0,0,1,0,0,0,0,1,0,2,0,3,3.75,3,1,0,1
0,0,1,0,0,0,1,1,1,-2,0,1,0,0,0,0,1,1,0,1,0,0,0,0,0,2,1,1,0,4,16.25,3,1,0,0
0,1,0,0,0,0,0,1,0,0,0,1,0,0,0,0,1,1,0,0,1,0,0,0,0,1,1,0,1,5,11.25,3,0,1,0
0,1,0,0,0,0,1,0,2,-2,0,1,0,0,0,0,1,1,0,0,1,0,0,0,0,1,1,1,0,1,6.25,4,1,1,1
0,1,0,0,0,1,1,1,2,2,0,1,0,0,1,0,1,1,1,0,0,0,0,0,0,1,1,0,1,4,8.75,4,1,0,0
1,0,0,0,0,0,1,1,1,0,6,0,1,2,0,0,1,1,1,0,0,0,0,0,0,1,1,0,1,5,13.75,4,1,0,0
0,0,1,0,0,0,1,1,2,0,0,1,0,0,0,0,1,1,0,0,1,0,0,0,0,2,1,1,1,1,6.25,3,0,1,0
0,1,0,0,0,0,1,1,2,-1,0,1,0,0,1,0,1,1,0,0,1,0,0,0,0,2,2,2,0,2,6.25,3,0,0,0
0,1,0,0,0,0,1,1,0,-1,0,0,0,0,0,0,0,1,0,1,1,0,0,0,0,0,1,1,1,1,11.25,3,0,1,0
0,0,1,0,0,0,0,0,1,-1,0,1,0,0,0,1,1,1,0,0,1,0,0,0,0,1,1,1,0,1,6.25,4,1,0,0
0,0,1,0,0,1,1,1,1,1,0,1,1,0,0,1,1,1,0,0,1,0,0,0,0,2,2,2,0,5,8.75,4,0,1,1
0,0,1,0,0,0,1,0,0,0,0,0,0,0,0,1,1,1,0,0,1,0,0,0,0,2,2,2,0,3,8.75,3,1,1,0
0,0,1,0,0,0,1,0,2,1,0,1,0,0,0,0,1,1,0,0,0,0,1,0,0,0,0,0,1,1,21.25,3,1,0,0
0,0,1,0,0,0,0,1,0,0,0,1,0,0,0,0,1,1,0,0,1,0,0,0,0,2,1,0,1,3,18.75,3,1,1,0
0,0,1,1,0,0,0,1,1,-1,0,0,0,0,0,0,1,1,1,0,0,0,0,0,0,1,1,1,1,4,31.25,4,1,0,1
0,0,1,0,0,0,0,1,-1,2,0,1,0,0,0,1,1,0,0,0,1,0,1,0,0,2,2,0,0,1,31.25,4,1,0,1
0,0,1,0,0,0,0,0,1,0,0,0,0,0,0,0,1,1,0,1,0,0,0,0,0,1,1,1,0,4,3.75,4,1,0,0
1,0,0,1,0,0,0,0,-2,-2,10,0,1,0,0,0,1,1,1,0,0,0,0,0,0,2,1,0,1,5,21.25,4,0,0,0
0,1,0,0,0,0,0,0,0,0,0,0,0,0,1,0,1,1,1,0,0,0,0,0,0,2,2,2,1,1,8.75,3,0,0,0
0,1,0,0,0,0,0,0,0,-2,0,1,0,0,0,0,0,1,1,0,1,0,0,0,0,1,0,1,0,2,8.75,3,0,1,0
0,1,0,0,0,0,1,1,2,0,0,1,0,0,0,0,1,1,0,1,0,0,0,0,0,2,1,1,0,3,16.25,3,0,1,0
1,0,0,0,0,1,1,1,2,2,10,1,0,2,0,0,1,1,0,1,0,0,0,0,0,2,1,1,1,6,8.75,3,1,0,0
0,0,1,0,0,0,0,1,-2,-2,0,1,0,0,0,0,1,1,0,1,0,0,0,0,0,1,0,0,0,1,6.25,4,1,1,0
0,0,1,1,0,1,1,1,-1,1,0,0,1,0,0,1,1,1,0,0,1,0,0,0,0,1,1,1,1,4,11.25,3,1,1,0
1,0,0,0,0,1,1,1,1,1,6,0,1,0,0,0,0,1,1,0,0,1,0,0,0,1,0,1,0,9,6.25,3,1,0,0
0,0,1,0,0,0,1,0,2,0,0,0,0,0,0,0,1,1,1,0,0,0,0,0,0,2,-1,2,0,1,3.75,3,0,1,0
0,0,1,0,0,1,1,1,1,1,0,1,0,0,0,0,1,0,0,1,0,0,1,0,0,0,0,0,0,2,23.75,4,1,1,1
0,1,0,0,0,0,1,0,2,1,0,1,0,0,0,0,0,0,1,1,1,0,0,0,0,-1,0,0,1,1,18.75,4,0,1,0
0,1,0,0,0,0,1,1,1,1,0,1,0,0,0,0,1,1,1,0,0,0,0,0,0,2,2,2,0,2,8.75,3,0,1,0
0,0,1,0,0,0,1,1,1,0,0,1,0,0,0,0,1,1,1,0,0,0,0,0,0,2,2,2,0,5,8.75,3,0,0,0
0,1,0,0,0,0,1,0,2,0,0,0,0,0,1,0,1,1,0,0,1,0,0,0,0,2,2,1,0,1,11.25,3,0,1,0
0,1,0,0,0,0,1,0,2,-1,0,0,1,0,0,0,1,1,1,0,0,0,0,0,0,1,0,0,0,6,16.25,3,1,1,0
0,1,0,0,0,0,0,1,-1,1,0,1,1,0,0,0,1,1,0,0,1,0,0,0,0,1,0,1,0,7,6.25,3,0,1,0
1,0,0,0,0,0,1,1,2,1,6,1,1,0,0,0,1,1,1,0,0,0,0,0,0,2,2,0,0,5,8.75,3,0,0,0
0,1,0,0,0,0,1,1,1,1,0,1,0,0,0,0,1,1,0,0,1,0,0,0,0,1,0,1,1,5,6.25,4,0,1,0
0,0,1,0,0,0,1,1,2,1,0,0,0,2,0,0,0,0,1,1,1,0,0,0,0,1,1,1,0,2,8.75,4,1,0,0
0,1,0,0,0,0,1,0,1,-1,0,1,0,0,0,0,1,1,0,0,1,0,0,0,0,1,1,2,0,4,8.75,2,0,0,0
0,1,0,0,0,0,1,1,2,2,0,1,0,0,0,0,1,1,0,0,1,0,0,0,0,2,1,2,1,2,3.75,3,1,1,0
0,0,1,0,0,0,0,1,1,-1,0,1,1,0,0,1,1,0,1,0,1,0,0,0,0,2,2,0,0,7,13.75,4,0,1,0
0,0,1,0,0,0,0,1,1,0,0,1,0,0,0,0,1,1,1,0,0,0,0,0,0,1,1,1,0,1,6.25,3,0,1,1
0,1,0,0,0,0,1,1,1,-1,0,0,1,0,1,0,1,0,0,0,1,0,1,0,0,2,2,1,0,5,8.75,4,0,0,1
0,0,1,0,0,0,1,1,0,-2,0,1,0,0,0,1,1,1,0,0,1,0,0,0,0,1,1,1,0,6,11.25,3,0,1,0
0,0,1,0,1,1,1,1,1,1,0,1,0,0,0,0,1,1,0,0,1,0,0,0,0,1,0,1,1,7,26.25,4,1,0,0
0,1,0,0,0,1,0,1,0,2,0,1,0,0,0,0,1,1,0,0,1,0,0,0,0,2,2,0,1,6,8.75,3,0,0,0
0,0,1,0,0,0,0,1,0,-1,0,0,0,0,0,0,1,1,1,0,0,0,0,0,0,1,-1,1,0,6,16.25,4,1,0,0
0,1,0,0,0,0,1,0,1,1,0,1,1,0,1,0,1,0,0,1,1,0,0,0,0,2,0,-1,1,5,18.75,3,0,1,0
0,0,1,0,0,0,1,1,2,-2,0,1,0,0,0,0,1,0,0,1,1,0,0,0,0,2,1,1,1,6,18.75,3,1,0,0
0,1,0,0,0,1,1,1,0,1,0,1,1,0,0,0,1,1,0,0,1,0,0,0,0,1,1,0,1,7,23.75,3,1,1,0
1,0,0,0,0,1,1,1,2,2,10,1,0,1,0,0,1,1,0,1,0,0,0,0,0,0,0,0,1,6,16.25,4,1,1,0
0,0,1,0,0,1,0,1,-2,2,0,0,1,1,0,1,1,1,0,1,0,0,0,0,0,1,0,1,0,8,11.25,4,1,0,0
0,1,0,0,0,0,0,0,0,0,0,1,0,0,0,0,1,1,0,0,0,0,1,0,0,2,0,1,0,1,8.75,3,1,1,0
0,0,1,0,0,0,0,1,0,-2,0,1,0,0,0,1,1,0,1,1,0,0,0,0,0,2,1,0,0,5,11.25,4,1,1,0
0,1,0,0,0,0,1,1,1,1,0,1,0,0,0,0,1,1,0,1,0,0,0,0,0,-1,2,1,0,5,8.75,3,0,1,0
0,0,1,1,0,0,0,1,-2,1,0,0,1,0,0,1,1,1,0,1,0,0,0,0,0,2,1,1,1,7,16.25,3,1,1,0
0,0,1,0,0,0,0,1,-1,-1,0,1,0,0,0,0,1,1,0,0,1,0,0,0,0,2,1,0,0,1,13.75,4,0,0,0
1,0,0,0,1,0,0,1,1,-2,16,1,0,0,0,0,0,0,1,1,1,0,0,0,0,1,1,0,0,9,31.25,3,1,1,0
1,0,0,0,0,1,1,1,1,0,6,0,1,2,0,0,1,1,0,0,0,1,0,0,0,2,2,0,1,5,8.75,3,1,1,0
0,1,0,0,0,0,0,1,-1,1,0,0,0,0,1,0,1,1,0,0,1,0,0,0,0,0,0,1,1,3,11.25,3,1,1,0
1,0,0,0,0,0,1,1,2,1,4,0,1,0,0,0,1,1,1,0,0,0,0,0,0,2,1,1,0,1,6.25,3,1,0,0
1,0,0,0,1,1,0,1,0,0,8,1,1,1,0,0,1,1,1,0,0,0,0,0,0,1,1,0,1,5,13.75,3,0,1,1
0,1,0,0,0,0,1,1,1,0,0,0,0,0,1,0,1,1,0,0,1,0,0,0,0,1,1,0,0,4,3.75,3,1,0,0
1,0,0,0,0,0,1,1,1,0,12,0,1,2,0,0,1,0,1,0,0,0,0,0,1,2,1,0,0,9,18.75,3,0,0,0
0,1,0,0,0,0,1,1,-1,1,0,1,1,0,1,0,1,0,1,1,0,0,0,0,0,1,-1,0,0,2,11.25,3,1,1,0
0,1,0,0,0,0,1,1,2,0,0,1,0,0,0,0,1,1,0,0,1,0,0,0,0,2,2,0,0,2,8.75,3,0,0,0
0,0,1,0,1,0,1,1,2,-2,0,0,0,2,0,0,1,0,1,1,0,0,0,0,0,2,1,1,1,5,8.75,4,0,1,0
0,1,0,0,0,0,0,0,1,0,0,0,0,0,0,0,1,1,0,1,0,0,0,0,0,1,0,1,1,1,16.25,4,0,1,0
1,0,0,0,0,1,0,1,-1,2,8,1,1,2,0,0,1,0,1,1,0,0,0,0,0,1,1,0,1,5,13.75,1,1,1,0
0,1,0,0,0,0,1,1,1,1,0,1,0,0,0,0,1,1,0,0,1,0,0,0,0,1,1,1,1,5,11.25,3,1,1,0
1,0,0,0,0,0,1,1,2,0,8,0,1,0,0,0,1,0,0,1,1,0,0,0,0,1,0,0,0,5,23.75,3,1,1,0
0,0,1,0,0,0,0,1,0,-1,0,1,1,0,0,0,1,1,0,0,1,0,0,0,0,1,1,0,0,6,8.75,4,0,0,0
1,0,0,0,0,0,1,1,1,0,8,0,1,1,0,0,1,1,0,0,1,0,0,0,0,2,2,2,1,6,18.75,3,1,1,0
0,1,0,0,0,0,1,1,1,1,0,0,0,0,1,0,1,1,0,1,0,0,0,0,0,1,0,1,0,4,11.25,3,1,0,0
0,1,0,0,0,0,1,0,2,-1,0,0,0,0,0,0,1,0,0,1,1,0,0,0,0,1,1,0,0,2,11.25,4,0,0,1
0,1,0,0,0,1,1,1,0,0,0,1,1,0,1,0,1,1,0,0,1,0,0,0,0,2,0,0,1,9,28.75,2,1,1,0
1,0,0,0,0,1,0,1,-2,0,6,1,1,0,0,0,1,0,0,1,1,0,0,0,0,1,0,-1,1,7,31.25,3,1,0,0
0,1,0,0,0,0,1,1,1,1,0,1,0,0,1,0,1,1,1,0,0,0,0,0,0,1,0,1,1,3,13.75,3,0,1,0
1,0,0,0,0,0,0,1,0,1,8,0,1,0,0,0,1,0,0,1,1,0,0,0,0,1,1,0,0,5,8.75,3,1,1,0
0,0,1,1,0,0,1,0,1,-1,0,1,0,0,0,0,1,1,1,0,0,0,0,0,0,1,1,1,0,1,8.75,3,1,0,1
1,0,0,0,0,0,0,0,0,0,8,1,1,0,0,0,1,1,1,0,0,0,0,0,0,1,1,-1,0,3,11.25,3,1,0,0
0,0,1,0,0,0,1,0,0,-2,0,1,0,0,0,1,1,1,0,1,0,0,0,0,0,2,2,2,0,9,31.25,3,1,1,0
0,1,0,0,0,0,1,1,1,0,0,0,0,0,1,0,1,1,0,0,1,0,0,0,0,2,2,1,0,4,13.75,3,0,0,0
0,1,0,0,0,1,1,1,1,1,0,1,1,0,1,0,1,1,0,0,1,0,0,0,0,1,0,0,0,6,11.25,3,1,1,0
0,0,1,0,0,0,1,0,2,-2,0,1,1,0,0,0,0,0,1,0,1,1,0,0,0,2,1,-1,0,7,13.75,4,0,1,0
0,0,1,0,0,1,1,1,1,2,0,0,0,0,0,1,1,1,0,1,0,0,0,0,0,1,1,1,1,7,3.75,4,1,1,0
1,0,0,0,0,1,1,1,1,1,6,1,1,2,0,0,1,0,0,1,1,0,0,0,0,1,1,1,1,7,6.25,4,0,1,0
0,0,1,0,0,0,0,0,0,-1,0,0,0,0,0,1,1,0,1,0,0,1,0,0,0,1,1,0,0,4,6.25,3,1,1,0
0,0,1,0,0,0,1,0,0,0,0,0,0,0,0,1,1,1,0,1,0,0,0,0,0,1,1,1,1,1,8.75,2,0,1,0
0,1,0,0,0,0,1,1,2,-1,0,1,0,0,0,0,1,1,0,1,0,0,0,0,0,1,1,0,0,4,11.25,3,0,1,1
0,0,1,0,0,0,1,1,2,1,0,1,0,0,0,0,1,1,0,0,1,0,0,0,0,2,1,-1,1,3,8.75,4,1,1,0
0,0,1,0,0,0,0,0,2,1,0,1,0,0,0,1,0,1,1,1,0,0,0,0,0,2,1,1,1,2,8.75,4,1,1,0
0,1,0,0,0,0,1,1,1,1,0,1,1,0,1,0,1,0,1,1,0,0,0,0,0,2,1,2,0,2,13.75,3,1,0,0
1,0,0,0,0,0,1,1,1,-1,14,0,1,2,0,0,1,1,0,0,1,0,0,0,0,1,1,0,0,5,11.25,4,1,1,0
0,0,1,0,0,0,1,0,0,1,0,0,0,0,0,1,1,1,0,0,1,0,0,0,0,1,1,1,0,2,3.75,3,1,1,0
0,0,1,0,1,0,1,1,0,1,0,1,0,0,0,0,1,1,0,0,1,0,0,0,0,2,2,1,1,1,11.25,4,1,1,0
1,0,0,0,0,0,0,1,-1,-1,6,0,1,0,0,0,1,1,1,0,0,0,0,0,0,2,2,1,0,5,6.25,3,1,0,0
0,1,0,0,0,0,0,1,0,1,0,0,1,0,0,0,1,0,0,1,1,0,0,0,0,1,0,0,1,8,13.75,4,0,0,0
1,0,0,0,0,1,1,1,1,1,6,0,1,2,0,0,1,1,0,1,0,0,0,0,0,1,1,1,1,5,6.25,3,1,0,0
0,0,1,0,0,0,0,0,1,1,0,1,0,0,0,0,1,1,0,0,1,0,0,0,0,1,1,1,0,1,11.25,4,0,1,1
0,1,0,0,0,0,1,1,2,1,0,1,0,0,0,0,1,1,0,1,0,0,0,0,0,1,0,1,1,3,13.75,4,1,1,0
0,1,0,0,0,0,1,1,2,-1,0,0,0,0,1,0,1,0,0,1,1,0,0,0,0,2,2,0,1,2,18.75,4,0,1,0
0,1,0,0,0,0,1,1,0,1,0,0,1,0,1,0,1,1,1,0,0,0,0,0,0,1,1,1,0,2,13.75,3,1,1,0
0,1,0,0,0,0,1,1,1,-1,0,0,0,0,1,0,1,1,1,0,0,0,0,0,0,2,2,0,0,5,13.75,4,0,0,0
0,0,1,0,0,1,0,1,-1,1,0,0,0,0,0,1,1,0,0,1,1,0,0,0,0,2,1,1,1,9,31.25,3,1,0,0
0,1,0,0,0,0,0,1,-1,0,0,1,1,0,0,0,1,1,0,0,1,0,0,0,0,1,1,2,0,5,13.75,3,1,0,0
0,0,1,1,0,0,1,1,1,1,0,1,0,0,0,0,1,1,1,0,0,0,0,0,0,1,1,1,0,3,6.25,3,1,0,0
0,0,1,0,0,0,1,1,1,0,0,1,1,1,0,0,1,1,0,0,1,0,0,0,0,2,1,1,1,5,11.25,3,1,1,0
0,0,1,0,0,0,1,0,2,1,0,1,0,0,0,0,1,1,0,0,1,0,0,0,0,2,2,2,0,3,6.25,4,0,1,1
0,0,1,1,0,0,0,1,-1,-1,0,0,0,2,0,0,1,1,1,0,0,0,0,0,0,2,2,2,0,9,8.75,4,0,1,0
0,1,0,0,0,1,1,1,0,1,0,1,1,0,0,0,1,1,0,0,1,0,0,0,0,1,1,0,0,7,13.75,3,1,1,0
0,1,0,0,0,0,0,0,0,0,0,0,0,0,0,0,1,1,0,0,1,0,0,0,0,1,1,0,0,5,11.25,3,1,1,1
0,1,0,0,0,0,1,1,1,1,0,0,0,0,1,0,1,0,1,0,1,0,0,0,0,1,1,1,0,1,16.25,3,1,1,0
0,1,0,0,0,0,0,1,1,-1,0,1,0,0,1,0,1,1,0,0,1,0,0,0,0,1,0,0,0,1,11.25,4,0,1,0
0,0,1,0,0,0,0,0,1,-1,0,1,0,0,0,1,1,1,0,0,1,0,0,0,0,1,0,0,0,1,3.75,3,1,1,0
1,0,0,0,0,1,1,1,2,1,10,1,0,2,0,0,1,0,1,0,1,0,0,0,0,2,1,1,0,5,8.75,3,0,0,0
0,1,0,0,0,0,1,1,2,0,0,0,0,0,0,0,1,1,0,0,1,0,0,0,0,2,0,1,1,4,21.25,3,1,1,0
0,0,1,0,0,0,0,1,-1,1,0,1,1,0,0,1,1,1,1,0,0,0,0,0,0,1,1,1,0,4,13.75,4,1,0,0
0,1,0,0,0,0,0,1,-1,0,0,1,0,0,1,0,1,0,0,1,1,0,0,0,0,1,1,-1,1,5,21.25,4,1,1,0
0,0,1,0,1,1,1,1,0,1,0,1,1,0,0,1,1,1,0,0,1,0,0,0,0,2,0,1,1,5,18.75,3,0,0,0
0,1,0,0,0,0,1,1,2,0,0,0,0,0,0,0,1,1,0,0,1,0,0,0,0,1,1,1,1,1,11.25,3,0,1,0
0,0,1,0,0,0,1,1,0,-1,0,1,0,0,0,0,0,1,0,0,1,1,0,0,0,1,1,0,0,6,8.75,3,0,0,0
0,1,0,0,0,0,0,0,2,1,0,1,0,0,0,0,1,1,1,0,0,0,0,0,0,2,0,1,1,2,8.75,4,0,1,0
0,1,0,0,0,1,0,1,0,1,0,1,1,0,0,0,1,0,1,0,1,0,0,0,0,1,0,0,0,6,11.25,4,0,0,0
0,1,0,0,0,0,1,1,2,0,0,1,0,0,0,0,1,1,0,1,0,0,0,0,0,1,1,1,0,4,16.25,4,1,0,0
0,1,0,0,0,0,1,1,2,-1,0,0,0,0,1,0,1,1,0,0,1,0,0,0,0,1,0,0,0,1,13.75,3,0,0,0
1,0,0,0,0,1,1,1,2,1,10,0,1,2,0,0,1,0,0,0,1,0,0,1,0,2,2,-1,0,5,11.25,3,0,1,0
0,1,0,0,0,0,0,0,0,-1,0,0,1,0,0,0,1,1,0,0,1,0,0,0,0,2,2,0,1,6,16.25,4,1,1,0
0,1,0,0,0,0,0,0,0,-1,0,1,0,0,1,0,1,1,0,0,1,0,0,0,0,1,0,0,0,2,6.25,3,0,1,0
0,1,0,0,0,0,0,0,0,-1,0,1,0,0,1,0,1,0,0,1,1,0,0,0,0,1,0,0,0,4,18.75,4,1,1,0
0,0,1,1,0,0,0,0,-1,-1,0,1,0,0,0,1,1,1,1,0,0,0,0,0,0,2,2,0,1,1,6.25,4,1,1,0
0,1,0,0,0,0,1,0,2,-1,0,0,0,0,1,0,1,0,0,0,0,0,0,0,0,2,2,0,0,5,6.25,3,0,1,0
0,1,0,0,0,0,1,0,1,1,0,1,0,0,0,0,1,0,0,1,0,1,0,0,0,1,0,1,0,4,8.75,3,0,0,0
1,0,0,0,0,1,1,1,1,0,8,0,1,1,0,0,1,0,1,1,0,0,0,0,0,0,0,0,1,5,13.75,4,0,1,0
0,1,0,0,0,0,1,1,2,0,0,1,0,0,0,0,1,1,0,0,0,1,0,0,0,1,2,2,0,3,11.25,4,1,1,0
0,1,0,0,0,0,1,0,1,0,0,1,0,0,0,0,1,1,0,0,0,0,0,1,0,1,1,2,0,3,8.75,3,0,0,0
0,1,0,0,0,0,1,0,2,-1,0,1,0,0,0,0,0,1,0,1,1,0,0,0,0,1,2,2,0,4,8.75,3,1,1,0
0,1,0,0,0,0,1,1,2,-2,0,1,1,0,0,0,1,1,0,1,0,0,0,0,0,2,-1,2,0,7,3.75,2,1,1,0
0,0,1,0,0,0,1,1,1,-2,0,1,0,0,0,0,1,1,0,1,0,0,0,0,0,0,0,0,0,6,28.75,3,1,1,0
0,0,1,0,0,0,1,0,1,-2,0,1,0,0,0,1,0,0,1,0,1,1,0,0,0,2,1,1,1,5,8.75,3,1,0,0
0,0,1,0,1,1,0,1,-1,0,0,1,1,0,0,1,1,0,0,1,0,0,1,0,0,1,-1,-1,0,8,18.75,4,1,0,1
0,0,1,0,0,0,1,1,2,-2,0,1,0,0,0,0,1,1,0,1,0,0,0,0,0,1,1,0,1,5,6.25,4,1,1,0
0,1,0,0,0,0,1,1,2,0,0,1,0,0,0,0,1,1,0,1,0,0,0,0,0,1,1,1,0,4,6.25,2,1,1,0
0,0,1,1,0,0,0,0,1,0,0,0,0,0,0,1,0,1,1,0,1,0,0,0,0,2,1,0,1,1,6.25,3,1,1,0
0,0,1,1,0,0,0,1,2,-2,0,1,1,2,0,1,1,1,0,0,0,0,1,0,0,1,1,1,1,9,31.25,3,0,0,0
0,1,0,0,0,0,1,1,2,0,0,0,0,0,1,0,0,0,1,1,0,0,1,0,0,1,2,-1,1,2,13.75,4,0,0,0
1,0,0,0,0,1,1,1,2,0,4,1,1,0,0,0,0,0,0,0,0,1,0,1,1,1,1,1,1,9,31.25,3,0,1,0
0,0,1,0,0,0,1,1,0,0,0,1,0,0,0,1,1,1,0,0,0,0,1,0,0,2,1,1,1,5,6.25,3,1,0,0
1,0,0,0,0,1,0,1,2,2,8,1,1,0,0,0,1,0,1,1,0,0,0,0,0,1,1,0,1,9,16.25,3,0,1,0
1,0,0,0,0,0,1,1,0,1,6,1,1,0,0,0,1,1,1,0,0,0,0,0,0,1,1,0,0,3,6.25,4,0,0,0
0,0,1,0,0,0,1,1,0,0,0,1,0,0,0,0,1,1,1,0,0,0,0,0,0,1,1,1,1,1,8.75,4,0,1,0
0,0,1,0,0,1,1,1,2,2,0,1,1,0,0,1,1,0,0,0,1,0,1,0,0,1,1,-1,0,4,31.25,3,0,0,0
1,0,0,0,0,0,0,0,-2,-2,10,1,0,1,0,0,1,1,1,0,0,0,0,0,0,1,0,1,1,6,11.25,3,0,1,0
0,1,0,0,0,0,0,1,1,0,0,0,0,0,0,0,1,0,1,0,0,0,1,0,0,2,2,0,1,5,3.75,3,0,1,0
0,1,0,0,0,0,0,0,0,0,0,0,1,0,1,0,1,1,0,0,1,0,0,0,0,2,2,0,1,2,11.25,4,0,1,1
0,0,1,0,0,1,0,1,2,2,0,1,0,0,0,0,1,0,0,1,1,0,0,0,0,1,0,1,1,2,6.25,3,1,0,0
1,0,0,0,0,1,1,1,2,2,8,0,1,1,0,0,1,0,1,1,0,0,0,0,0,1,1,0,1,4,13.75,4,1,0,0
0,1,0,0,0,0,1,0,1,0,0,1,0,0,0,0,1,1,0,0,0,1,0,0,0,1,1,2,1,1,8.75,3,0,0,0
0,0,1,0,0,0,1,1,1,-1,0,1,0,0,0,0,1,1,1,0,0,0,0,0,0,2,1,2,1,3,3.75,4,0,1,0
0,1,0,0,0,0,1,1,2,-1,0,1,0,0,0,0,1,1,0,0,1,0,0,0,0,1,1,1,1,5,31.25,4,1,1,0
0,1,0,0,0,0,1,0,2,2,0,0,1,0,1,0,1,1,0,0,1,0,0,0,0,2,1,0,1,5,13.75,4,1,1,0
1,0,0,0,0,0,1,0,1,-2,12,1,0,0,0,0,0,1,1,1,0,0,0,0,0,1,1,0,0,1,13.75,4,0,0,0
0,0,1,0,0,0,0,1,0,0,0,1,0,0,0,1,1,0,0,0,0,0,0,1,1,1,1,1,1,7,8.75,3,0,0,0
1,0,0,0,0,0,1,1,2,1,8,0,1,0,0,0,0,0,1,1,1,0,0,0,0,1,2,1,1,5,11.25,3,0,0,0
0,1,0,0,0,0,1,1,2,-2,0,1,0,0,0,0,1,1,0,0,1,0,0,0,0,1,1,0,1,1,6.25,4,0,1,0
1,0,0,0,0,0,0,1,0,1,8,0,1,0,0,0,1,0,1,1,0,0,0,0,0,1,1,0,1,5,11.25,3,1,1,1
1,0,0,1,0,1,0,1,-1,1,12,1,1,0,0,0,1,1,0,1,0,0,0,0,0,1,1,1,1,5,13.75,4,1,1,0
0,1,0,0,0,0,0,1,0,0,0,0,0,0,1,0,1,1,0,0,1,0,0,0,0,2,0,2,1,4,13.75,4,0,0,0
0,1,0,0,0,1,1,1,2,1,0,1,0,0,1,0,1,0,1,1,0,0,0,0,0,2,0,0,1,3,16.25,4,1,0,0
0,0,1,0,0,0,1,1,2,-1,0,1,0,0,0,0,1,1,0,0,1,0,0,0,0,1,-1,0,1,3,8.75,4,0,0,0
0,1,0,0,0,0,1,0,2,1,0,1,0,0,0,0,1,0,1,0,1,0,0,0,0,2,1,2,0,3,11.25,3,0,0,0
0,1,0,0,0,1,0,1,0,1,0,0,1,0,0,0,1,0,0,1,0,0,0,0,1,1,1,-1,1,1,13.75,3,1,0,0
0,1,0,0,0,0,1,0,2,-2,0,1,0,0,0,0,0,1,1,1,0,0,0,0,0,1,1,2,0,4,8.75,3,0,1,0
1,0,0,1,0,0,0,1,0,0,12,0,1,2,0,0,1,1,1,0,0,0,0,0,0,1,-1,1,0,9,16.25,4,1,1,0
0,1,0,0,0,0,1,1,0,-1,0,1,0,0,1,0,1,1,0,0,1,0,0,0,0,1,0,-1,0,6,18.75,3,1,0,1
0,0,1,0,0,1,0,1,1,1,0,0,1,0,0,1,1,1,0,0,0,0,1,0,0,1,1,1,0,6,6.25,4,0,0,0
0,1,0,0,0,0,1,0,1,2,0,1,0,0,0,0,1,1,0,0,1,0,0,0,0,2,2,2,0,1,8.75,4,0,0,0
0,1,0,0,0,0,1,0,2,-1,0,1,0,0,1,0,1,1,0,1,0,0,0,0,0,2,1,2,0,4,11.25,3,1,0,0
0,0,1,0,0,0,1,0,2,1,0,0,0,0,0,0,1,1,0,0,1,0,0,0,0,2,2,2,0,1,8.75,3,1,1,0
0,0,1,0,0,0,0,1,0,1,0,1,0,0,0,1,1,1,0,1,0,0,0,0,0,1,2,2,0,3,8.75,3,1,1,1
0,0,1,0,0,0,1,0,2,-2,0,0,0,0,0,0,1,1,0,1,0,0,0,0,0,2,1,2,0,1,8.75,4,0,1,0
1,0,0,0,0,1,0,1,0,2,8,0,1,2,0,0,0,0,0,1,1,0,1,0,0,2,2,2,1,9,8.75,3,1,0,0
0,1,0,0,0,0,0,0,0,-1,0,0,0,0,1,0,1,1,0,0,1,0,0,0,0,1,1,0,0,3,6.25,3,1,0,0
0,1,0,0,0,0,1,1,1,1,0,1,0,0,1,0,1,0,0,1,1,0,0,0,0,1,1,0,0,1,16.25,3,1,0,1
1,0,0,0,0,0,1,1,2,1,8,0,1,2,0,0,1,0,0,1,1,0,0,0,0,2,1,0,0,5,8.75,3,0,1,0
0,0,1,1,0,1,1,1,0,1,0,0,0,0,0,0,1,1,0,0,0,0,1,0,0,1,-2,1,0,3,6.25,3,0,1,0
0,1,0,0,0,0,1,0,1,0,0,0,1,0,1,0,1,1,0,0,1,0,0,0,0,0,2,1,1,1,8.75,3,0,1,0
0,0,1,0,0,0,1,0,0,0,0,1,0,0,0,0,1,0,0,1,1,0,0,0,0,1,2,0,0,3,8.75,3,0,1,0
0,0,1,0,0,0,1,1,1,0,0,0,0,0,0,1,1,1,0,0,1,0,0,0,0,1,0,0,0,2,8.75,3,1,0,0
0,0,1,0,0,1,0,1,0,1,0,1,1,0,0,1,0,1,0,1,1,0,0,0,0,1,0,0,1,5,8.75,3,0,1,0
0,1,0,0,0,0,0,1,-1,0,0,0,1,0,0,0,1,1,1,0,0,0,0,0,0,0,0,0,0,1,8.75,3,0,1,0
1,0,0,0,0,0,1,1,0,1,8,1,0,1,0,0,0,1,1,0,1,0,0,0,0,1,1,1,0,2,8.75,3,0,1,0
0,1,0,0,0,0,1,1,1,0,0,1,1,0,0,0,1,1,0,0,1,0,0,0,0,1,0,1,0,5,11.25,2,0,1,0
1,0,0,0,0,1,0,1,-1,1,10,1,1,2,0,0,1,0,0,1,1,0,0,0,0,1,1,0,1,8,11.25,3,0,0,0
0,1,0,0,0,0,0,0,1,-2,0,1,1,0,0,0,1,1,0,1,0,0,0,0,0,1,1,0,1,9,13.75,3,0,0,0
0,1,0,0,0,1,0,1,-1,1,0,1,1,0,1,0,0,1,1,0,1,0,0,0,0,1,1,1,0,4,8.75,2,1,0,0
0,0,1,0,0,1,0,1,-1,0,0,1,1,1,0,0,1,1,1,0,0,0,0,0,0,1,0,0,0,6,8.75,4,0,0,0
0,1,0,0,0,0,1,1,2,1,0,0,0,0,1,0,1,0,1,1,0,0,0,0,0,1,1,0,1,2,13.75,3,0,1,0
1,0,0,0,0,1,1,1,1,1,8,0,1,0,0,0,1,0,0,1,1,0,0,0,0,1,-1,0,1,5,11.25,3,0,0,0
0,0,1,0,0,0,0,1,0,0,0,1,0,0,0,0,1,1,1,0,0,0,0,0,0,2,1,1,1,6,6.25,4,0,1,1
0,1,0,0,0,0,1,1,2,-1,0,1,0,0,0,0,1,1,0,1,0,0,0,0,0,1,1,2,1,1,8.75,3,0,1,0
0,1,0,0,0,0,1,0,1,0,0,1,0,0,1,0,1,0,1,1,0,0,0,0,0,2,1,0,0,4,8.75,3,1,0,0
1,0,0,0,0,1,0,1,-2,2,4,0,1,0,0,0,1,1,1,0,0,0,0,0,0,1,2,1,0,5,13.75,3,1,0,0
0,0,1,0,1,0,1,1,2,0,0,1,0,0,0,0,0,1,0,1,1,0,0,0,0,1,0,0,1,1,11.25,4,1,1,0
0,0,1,0,0,0,0,0,0,-2,0,1,1,0,0,1,1,0,1,1,0,0,0,0,0,2,2,-1,0,2,6.25,4,0,1,1
0,1,0,0,0,0,0,1,-2,2,0,1,1,0,1,0,1,0,0,1,1,0,0,0,0,1,-1,-1,1,5,31.25,3,1,1,0
0,1,0,0,0,1,1,1,1,1,0,0,0,0,0,0,1,0,1,0,1,0,0,0,0,1,0,0,1,1,11.25,4,0,1,0
0,0,1,1,0,0,0,0,-1,0,0,0,0,0,0,1,0,0,1,1,1,0,0,0,0,0,0,0,0,2,11.25,3,1,0,0
0,1,0,0,0,0,1,1,2,0,0,0,0,0,0,0,1,1,0,1,0,0,0,0,0,2,2,2,0,1,11.25,2,0,1,1
0,0,1,1,0,0,0,0,-1,0,0,1,0,0,0,1,1,0,1,0,1,0,0,0,0,2,2,0,1,1,16.25,4,0,1,0
0,0,1,0,0,0,1,1,0,-1,0,1,0,0,0,0,1,1,0,0,1,0,0,0,0,2,2,1,0,3,11.25,4,1,1,0
0,1,0,0,0,0,1,1,2,1,0,1,1,0,0,0,1,0,1,1,0,0,0,0,0,2,2,1,1,5,11.25,3,1,0,0
0,1,0,0,0,0,0,1,1,0,0,1,0,0,0,0,1,1,0,0,0,0,1,0,0,1,1,1,0,1,8.75,2,1,1,0
0,1,0,0,0,0,1,1,2,1,0,1,1,0,0,0,1,1,1,0,0,0,0,0,0,1,1,1,1,5,8.75,2,1,0,0
0,1,0,0,0,0,0,1,0,1,0,0,0,0,1,0,1,1,0,1,0,0,0,0,0,1,1,0,0,4,11.25,3,1,0,0
1,0,0,0,0,0,1,1,1,0,14,0,1,2,0,0,1,0,1,1,0,0,0,0,0,1,1,0,0,5,11.25,4,0,1,0
0,1,0,0,0,0,1,1,1,0,0,1,1,0,0,0,1,0,0,0,1,1,0,0,0,1,1,1,0,6,18.75,3,1,0,0
0,1,0,0,0,0,0,0,-2,-2,0,0,0,0,1,0,1,0,1,1,0,0,0,0,0,2,2,0,1,3,11.25,3,1,0,0
1,0,0,0,0,0,1,1,2,1,8,1,0,0,0,0,1,1,1,0,0,0,0,0,0,2,1,1,1,5,18.75,3,0,1,0
0,0,1,0,0,0,0,1,2,0,0,1,1,0,0,0,1,0,1,1,0,0,0,0,0,0,0,0,0,5,8.75,4,1,0,0
0,1,0,0,0,0,1,0,2,0,0,1,1,0,0,0,1,0,0,1,0,1,0,0,0,2,1,-1,1,2,8.75,3,1,1,0
0,1,0,0,0,0,1,1,1,-2,0,0,0,0,1,0,1,1,0,0,1,0,0,0,0,1,2,1,0,3,6.25,4,0,1,0
0,1,0,0,0,0,1,1,1,1,0,1,1,0,0,0,1,0,0,1,1,0,0,0,0,1,1,1,0,6,8.75,3,1,0,0
0,0,1,0,0,1,0,1,0,2,0,0,1,0,0,1,1,1,0,1,0,0,0,0,0,1,1,1,0,5,16.25,4,1,0,0
0,0,1,0,1,0,1,1,2,-1,0,1,0,0,0,0,1,1,0,0,1,0,0,0,0,1,1,-1,1,3,18.75,4,0,0,0
0,0,1,0,0,0,0,0,0,0,0,1,0,0,0,0,1,0,0,0,1,1,0,0,0,1,0,0,1,5,6.25,4,0,0,0
1,0,0,0,1,1,1,1,1,0,12,0,0,0,0,0,1,1,0,1,0,0,0,0,0,1,1,2,1,2,8.75,3,1,1,0
1,0,0,0,0,1,1,1,0,0,10,0,1,1,0,0,0,1,1,1,0,0,0,0,0,0,0,2,1,4,18.75,3,1,0,0
0,1,0,0,0,0,1,1,2,0,0,1,0,0,0,0,1,0,0,1,0,0,0,1,0,0,0,-1,1,1,11.25,4,0,0,0
0,0,1,0,0,0,1,0,2,-2,0,1,0,0,0,1,1,1,0,0,1,0,0,0,0,2,1,1,0,3,6.25,4,0,0,0
0,0,1,0,0,0,1,1,2,1,0,1,0,0,0,1,1,0,0,1,1,0,0,0,0,0,0,0,0,6,18.75,4,1,1,1
1,0,0,0,0,1,0,1,2,2,6,0,1,2,0,0,0,0,1,1,1,0,0,0,0,1,1,2,0,7,11.25,3,1,1,0
0,0,1,0,0,0,1,1,1,-1,0,0,0,0,0,1,1,1,0,0,1,0,0,0,0,0,-1,1,0,4,6.25,3,0,0,0
1,0,0,0,0,1,0,1,0,2,8,0,1,2,0,0,0,0,1,1,0,0,0,0,1,0,0,0,1,5,11.25,4,0,0,0
0,1,0,0,0,0,1,1,2,0,0,0,0,0,0,0,1,1,1,0,0,0,0,0,0,1,0,1,1,2,11.25,4,0,1,0
0,0,1,0,0,0,1,1,-1,-2,0,0,0,0,0,0,0,1,0,1,1,0,0,0,0,2,1,1,1,3,8.75,3,0,1,1
0,0,1,0,1,1,0,1,-2,1,0,0,0,0,0,1,0,1,0,0,1,0,1,0,0,0,0,0,0,1,28.75,4,1,0,0
1,0,0,0,0,0,0,1,2,0,8,0,0,2,0,0,0,1,0,1,1,0,0,0,0,1,2,0,1,5,11.25,1,1,0,0
0,1,0,0,0,0,1,0,1,0,0,0,1,0,1,0,0,0,1,1,1,0,0,0,0,1,1,-1,1,3,18.75,3,0,0,0
1,0,0,1,0,0,0,1,1,-1,8,1,1,1,0,0,0,0,0,0,1,0,0,0,0,1,1,0,1,6,8.75,2,1,0,0
0,0,1,1,0,1,1,1,2,0,0,0,0,2,0,1,0,1,0,1,1,0,0,0,0,1,1,1,0,2,6.25,3,1,1,0
0,0,1,1,0,0,1,1,2,-2,0,0,0,1,0,1,1,0,1,1,0,0,0,0,0,1,1,0,1,1,18.75,4,1,1,0
1,0,0,0,0,0,1,1,1,1,12,1,1,1,0,0,1,1,0,0,1,0,0,0,0,1,1,1,1,3,8.75,4,0,0,0
0,1,0,0,0,0,1,1,1,0,0,1,1,0,0,0,1,0,0,1,1,0,0,0,0,2,2,0,0,6,31.25,4,0,1,0
0,0,1,1,0,0,0,0,0,-1,0,0,0,0,0,1,1,0,1,0,1,0,0,0,0,1,1,0,0,1,8.75,4,0,1,0
0,0,1,0,0,1,1,1,2,1,0,1,0,1,0,0,0,0,0,1,1,0,0,0,1,0,2,0,0,6,16.25,4,1,0,0
0,1,0,0,0,1,1,1,-1,2,0,0,1,0,0,0,1,0,1,1,0,0,0,0,0,1,1,-1,0,6,16.25,3,0,0,0
0,1,0,0,0,0,1,1,2,-2,0,1,1,0,0,0,1,0,0,1,1,0,0,0,0,1,1,0,1,1,11.25,3,0,0,0
0,1,0,0,0,0,1,0,2,0,0,1,1,0,1,0,1,1,1,0,0,0,0,0,0,2,2,0,0,3,8.75,3,0,0,0
1,0,0,0,0,1,1,1,2,2,10,1,1,2,0,0,1,1,0,0,1,0,0,0,0,2,2,0,1,5,8.75,3,0,0,0
0,0,1,0,0,1,0,1,-1,2,0,1,1,0,0,0,1,0,1,0,1,0,0,0,0,1,1,0,0,5,13.75,4,1,0,0
0,0,1,0,0,0,1,1,2,1,0,0,1,2,0,1,1,0,0,1,1,0,0,0,0,1,0,0,1,1,11.25,4,1,0,0
0,1,0,0,0,0,1,1,2,-2,0,1,0,0,0,0,1,1,0,0,1,0,0,0,0,1,0,1,1,3,8.75,3,1,1,0
0,1,0,0,0,0,1,1,1,-2,0,1,0,0,0,0,1,1,0,0,1,0,0,0,0,1,1,1,0,5,8.75,4,1,0,0
0,0,1,0,0,1,1,1,-1,0,0,0,0,0,0,1,1,0,1,0,1,0,0,0,0,1,1,0,1,4,8.75,3,0,1,0
0,1,0,0,0,0,0,1,-2,-2,0,0,1,0,1,0,1,0,1,1,0,0,0,0,0,-2,2,0,0,7,3.75,4,1,1,0
1,0,0,0,0,1,1,1,1,0,6,0,1,1,0,0,1,0,1,0,1,0,0,0,0,1,1,1,0,7,13.75,3,1,1,0
0,0,1,0,1,1,1,1,0,0,0,0,0,0,0,1,0,1,0,0,1,0,0,0,1,2,-2,-2,0,1,8.75,3,0,1,0
0,0,1,0,0,0,1,1,2,-1,0,1,0,0,0,1,1,0,0,0,0,1,1,0,0,1,1,-1,0,8,16.25,3,1,1,1
1,0,0,0,0,1,0,1,0,2,6,0,0,1,0,0,1,1,0,1,0,0,0,0,0,1,2,1,1,5,21.25,3,1,1,1
0,1,0,0,0,0,1,1,2,0,0,1,0,0,1,0,1,1,0,0,1,0,0,0,0,2,0,1,1,1,8.75,3,0,1,0
0,0,1,0,0,0,0,0,1,0,0,1,0,0,0,1,1,0,0,1,1,0,0,0,0,1,1,0,0,4,13.75,4,1,0,0
0,1,0,0,0,1,0,1,1,2,0,1,0,0,0,0,1,1,0,1,0,0,0,0,0,1,1,0,0,2,8.75,2,1,0,0
1,0,0,0,0,0,1,1,2,1,4,0,1,0,0,0,0,1,1,0,1,0,0,0,0,1,0,1,1,3,6.25,4,1,1,0
0,1,0,0,0,0,1,1,1,0,0,0,0,0,0,0,1,1,0,0,1,0,0,0,0,1,1,1,0,4,8.75,3,0,1,0
0,0,1,0,0,0,1,0,2,0,0,1,0,0,0,0,1,1,0,0,1,0,0,0,0,2,1,1,0,6,8.75,3,1,0,0
0,0,1,1,0,0,1,1,2,1,0,0,0,0,0,1,0,0,1,0,1,1,0,0,0,2,0,1,1,3,6.25,3,1,1,0
0,1,0,0,0,0,1,0,2,0,0,1,1,0,0,0,0,1,1,0,0,1,0,0,0,2,2,2,0,6,6.25,3,0,1,0
0,1,0,0,0,0,1,1,1,-1,0,0,0,0,1,0,1,1,0,0,0,0,0,0,1,1,1,1,0,1,6.25,4,0,0,0
0,1,0,0,0,0,1,1,0,0,0,1,0,0,0,0,1,1,1,0,0,0,0,0,0,1,1,1,1,6,26.25,3,0,1,0
0,1,0,0,0,0,0,1,0,0,0,1,1,0,1,0,1,1,1,0,0,0,0,0,0,0,0,-1,1,6,16.25,3,1,0,0
0,1,0,0,0,0,1,1,1,1,0,0,0,0,1,0,1,1,0,0,1,0,0,0,0,2,2,1,1,2,8.75,3,0,1,0
0,0,1,0,0,0,1,1,1,-1,0,0,0,0,0,1,1,1,0,0,1,0,0,0,0,0,1,1,1,5,11.25,3,0,0,0
0,1,0,0,0,0,1,1,2,1,0,1,0,0,1,0,1,0,0,1,1,0,0,0,0,2,1,0,0,3,13.75,3,0,0,0
0,1,0,0,0,0,1,1,1,0,0,0,0,0,0,0,0,1,0,0,1,1,0,0,0,1,1,2,1,2,8.75,3,0,1,0
0,0,1,0,0,0,1,1,2,-1,0,1,1,0,0,1,0,1,0,1,1,0,0,0,0,1,0,1,1,5,3.75,3,1,1,0
0,1,0,0,0,0,1,1,2,2,0,0,1,0,1,0,1,1,0,1,0,0,0,0,0,2,2,0,1,9,18.75,3,0,0,0
0,1,0,0,0,0,1,0,1,0,0,1,0,0,0,0,0,1,0,1,0,0,0,0,1,1,0,2,1,1,6.25,3,0,1,0
0,1,0,0,0,0,1,1,1,0,0,1,0,0,0,0,0,1,0,0,1,0,1,0,0,0,0,0,1,1,8.75,3,1,1,0
0,0,1,0,0,0,1,1,1,-1,0,0,0,0,0,1,1,1,0,0,1,0,0,0,0,2,2,2,0,6,6.25,3,1,0,0
0,1,0,0,0,0,0,1,-1,-1,0,1,1,0,0,0,1,1,0,0,1,0,0,0,0,1,0,1,1,5,16.25,4,0,1,0
0,1,0,0,0,0,1,1,2,1,0,0,0,0,0,0,1,1,1,0,0,0,0,0,0,1,0,0,0,5,8.75,3,0,1,0
0,0,1,0,0,0,1,1,1,-1,0,0,0,0,0,0,1,1,0,0,1,0,0,0,0,2,1,2,0,4,3.75,3,1,0,0
1,0,0,0,0,1,0,1,-1,2,10,1,1,0,0,0,1,1,1,0,0,0,0,0,0,1,1,1,1,5,8.75,3,0,0,0
0,0,1,1,0,0,0,1,0,0,0,1,0,0,0,0,1,1,0,1,0,0,0,0,0,1,1,1,1,5,3.75,3,0,0,0
1,0,0,0,1,1,1,1,2,2,16,1,1,0,0,0,1,0,1,1,0,0,0,0,0,1,1,0,1,5,11.25,4,0,0,0
0,0,1,1,0,1,0,1,1,1,0,1,0,0,0,0,1,1,0,0,1,0,0,0,0,1,2,1,1,6,8.75,3,0,0,1
0,1,0,0,0,0,1,1,1,0,0,1,1,0,1,0,1,1,0,1,0,0,0,0,0,1,2,0,1,4,11.25,4,0,0,0
1,0,0,0,0,1,0,1,-1,1,8,0,1,2,0,0,1,1,0,1,0,0,0,0,0,2,0,1,0,5,13.75,4,1,0,0
1,0,0,0,0,1,0,1,0,1,4,1,1,0,0,0,1,1,0,0,0,0,1,0,0,1,1,0,1,5,31.25,4,0,1,0
1,0,0,0,0,1,1,1,2,1,10,0,0,1,0,0,1,0,0,1,0,0,0,0,1,2,1,0,0,5,16.25,4,0,0,0
0,1,0,0,0,0,0,1,-1,-1,0,0,1,0,1,0,1,1,0,0,1,0,0,0,0,1,1,1,0,5,8.75,3,1,1,1
0,0,1,0,1,1,1,1,1,0,0,1,1,0,0,1,1,1,0,0,0,1,0,0,0,2,0,1,1,9,31.25,3,0,0,1
0,1,0,0,0,0,1,1,2,1,0,0,0,0,1,0,1,1,0,1,0,0,0,0,0,2,1,1,1,2,16.25,3,1,1,0
0,1,0,0,0,0,1,1,0,0,0,1,0,0,0,0,1,0,0,1,0,0,1,0,0,-1,0,-1,1,6,11.25,3,1,0,0
0,0,1,0,0,1,0,1,1,0,0,1,0,0,0,1,1,1,0,1,0,0,0,0,0,1,1,1,1,4,8.75,4,1,0,0
